<METRONET>
	<STATION>
		<naam>A</naam>
		<type>Metrostation</type>
		<volgende>B</volgende>
		<vorige>C</vorige>
		<spoor>15</spoor>
	</STATION>
	<STATION>
		<naam>B</naam>
		<type>Metrostation</type>
		<volgende>C</volgende>
		<vorige>A</vorige>
		<spoor>15</spoor>
	</STATION>
	<STATION>
		<naam>C</naam>
		<type>Metrostation</type>
		<volgende>A</volgende>
		<vorige>B</vorige>
		<spoor>15</spoor>
	</STATION>
	<STATION>
		<naam>1</naam>
		<type>Metrostation</type>
		<volgende>2</volgende>
		<vorige>3</vorige>
		<spoor>7</spoor>
	</STATION>
	<STATION>
		<naam>2</naam>
		<type>Metrostation</type>
		<volgende>3</volgende>
		<vorige>1</vorige>
		<spoor>7</spoor>
	</STATION>
	<STATION>
		<naam>3</naam>
		<type>Metrostation</type>
		<volgende>1</volgende>
		<vorige>2</vorige>
		<spoor>7</spoor>
	</STATION>
	<TRAM>
		<lijnNr>15</lijnNr>
		<type>PCC</type>
		<voertuigNr>1</voertuigNr>
		<beginStation>C</beginStation>
		<aantalDefecten>2</aantalDefecten>
		<reparatieTijd>2</reparatieTijd>
		<reparatieKost>200</reparatieKost>
	</TRAM>
	<TRAM>
		<lijnNr>15</lijnNr>
		<type>PCC</type>
		<voertuigNr>2</voertuigNr>
		<beginStation>B</beginStation>
		<aantalDefecten>2</aantalDefecten>
		<reparatieTijd>2</reparatieTijd>
		<reparatieKost>200</reparatieKost>
	</TRAM>
	<TRAM>
		<lijnNr>7</lijnNr>
		<type>PCC</type>
		<voertuigNr>3</voertuigNr>
		<beginStation>3</beginStation>
		<aantalDefecten>2</aantalDefecten>
		<reparatieTijd>2</reparatieTijd>
		<reparatieKost>200</reparatieKost>
	</TRAM>
	<TRAM>
		<lijnNr>7</lijnNr>
		<type>PCC</type>
		<voertuigNr>4</voertuigNr>
		<beginStation>2</beginStation>
		<aantalDefecten>2</aantalDefecten>
		<reparatieTijd>2</reparatieTijd>
		<reparatieKost>200</reparatieKost>
	</TRAM>

</METRONET>
