<METRONET>
	<STATION>
		<naam>A</naam>
		<type>Metrostation</type>
		<volgende>B</volgende>
		<vorige>C</vorige>
		<spoor>15</spoor>
	</STATION>
	<STATION>
		<naam>B</naam>
		<type>Halte</type>
		<volgende>C</volgende>
		<vorige>A</vorige>
		<spoor>15</spoor>
	</STATION>
	<STATION>
		<naam>C</naam>
		<type>Metrostation</type>
		<volgende>A</volgende>
		<vorige>C</vorige>
		<spoor>15</spoor>
	</STATION>
	<TRAM>
		<lijnNr>15</lijnNr>
		<type>PCC</type>
		<voertuigNr>1</voertuigNr>
		<beginStation>C</beginStation>
		<aantalDefecten>2</aantalDefecten>
		<reparatieTijd>2</reparatieTijd>
		<reparatieKost>200</reparatieKost>
	</TRAM>
	<TRAM>
		<lijnNr>15</lijnNr>
		<type>PCC</type>
		<voertuigNr>2</voertuigNr>
		<beginStation>B</beginStation>
		<aantalDefecten>2</aantalDefecten>
		<reparatieTijd>2</reparatieTijd>
		<reparatieKost>200</reparatieKost>
	</TRAM>


</METRONET>
